,,,,,,,,https://www.chefkoch.de/rezepte/3858441587463398/Ballotine-vom-Perlhuhn-mit-Morchelrahm-und-Brezen.html,no
,,,,,,,,https://www.chefkoch.de/rezepte/3858451587465062/Skrei-mit-Lachsfarce-im-Wirsingblatt-Kartoffelpueree-aus-blauen-Kartoffeln-mit-Safransosse.html,no
,,,,,,,,https://www.chefkoch.de/rezepte/3858471587466240/Blaetterteig-Apfeltarte-mit-Karamell-Royale-und-Calvados-Sabayon.html,no
,,,,,,,,https://www.chefkoch.de/rezepte/3858961587547657/Pulpo.html,no
,,,,,,,,https://www.chefkoch.de/rezepte/3858971587548454/Surf-and-Turf.html,no
,,,,,,,,https://www.chefkoch.de/rezepte/3839111584967539/STAMPEDE-Medovik-Torte-mit-Safranueberguss-Medovik-Cake-with-Saffron-Pouring.html,no
,,,,,,,,https://www.chefkoch.de/rezepte/3860251587739034/Gyrospizza.html,no
,,,,,,,,https://www.chefkoch.de/rezepte/3860211587734953/Senf-Kaviar.html,no
,,,,,,,,https://www.chefkoch.de/rezepte/3860131587729601/Kekstorte-mit-Nougatcreme.html,no
,,,,,,,,https://www.chefkoch.de/rezepte/3860031587719650/Kiwi-Schinken-Carpaccio-mit-Parmesan.html,no
,,,,,,,,https://www.chefkoch.de/rezepte/3860011587718508/Exotische-Glasnudelsuppe-mit-wuerzigem-Rindfleisch.html,no
,,,,,,,,https://www.chefkoch.de/rezepte/3859981587716496/Kartoffel-Spargelgratin-mit-Maishaehnchenbrust.html,no
,,,,,,,,https://www.chefkoch.de/rezepte/3839071584966000/Hollaendische-Senfsuppe.html,no
,,,,,,,,https://www.chefkoch.de/rezepte/3838471584889603/Veganer-Schokokuchen-mit-Apfelmus.html,no
,,,,,,,,https://www.chefkoch.de/rezepte/3838451584888073/Sauerkirsch-Kurkuma-Trunk-a-la-Kristina.html,no
,,,,,,,,https://www.chefkoch.de/rezepte/3838431584887229/Jaegermeisterkuchen.html,no
,,,,,,,,https://www.chefkoch.de/rezepte/3838401584882826/Bester-Kaesekuchen.html,no
,,,,,,,,https://www.chefkoch.de/rezepte/3838381584881590/Pilzaufstrich.html,no
,,,,,,,,https://www.chefkoch.de/rezepte/3838371584881067/Bananen-Apfel-Orangenmarmelade.html,no
,,,,,,,,https://www.chefkoch.de/rezepte/3838361584880970/Gefuellte-Pilze.html,no
,,,,,,,,https://www.chefkoch.de/rezepte/3838351584880216/Primadonna.html,no
,,,,,,,,https://www.chefkoch.de/rezepte/3838341584880200/Spaghetti-Gemuesepfanne-mit-Pesto.html,no
,,,,,,,,https://www.chefkoch.de/rezepte/3838321584879696/Vegane-Spargel-Spinat-Champignon-Lasagne.html,no
,,,,,,,,https://www.chefkoch.de/rezepte/3838301584878413/Fischsuppe-im-Wok-auf-dem-Grill-zubereitet.html,no
,,,,,,,,https://www.chefkoch.de/rezepte/3838281584875848/Meeresfruechte-Risotto-mit-Kabeljau-und-Riesengarnelen.html,no
,,,,,,,,https://www.chefkoch.de/rezepte/3838271584875033/Lime-Curd-Cake.html,no
,,,,,,,,https://www.chefkoch.de/rezepte/3838261584873519/Suppenbruehe.html,no
,,,,,,,,https://www.chefkoch.de/rezepte/3838241584871238/Moehrensalat-mit-wuerzigen-Kichererbsen-und-Hummus.html,no
,,,,,,,,https://www.chefkoch.de/rezepte/3838221584870168/Pikante-Hackfleischsauce-a-la-Annlaise.html,no
,,,,,,,,https://www.chefkoch.de/rezepte/3838161584825666/Pasta-mit-Kalbsleber-in-Portwein-Balsamico-Sauce.html,no
,,,,,,,,https://www.chefkoch.de/rezepte/3858441587463398/Ballotine-vom-Perlhuhn-mit-Morchelrahm-und-Brezen.html,no
,,,,,,,,https://www.chefkoch.de/rezepte/3858451587465062/Skrei-mit-Lachsfarce-im-Wirsingblatt-Kartoffelpueree-aus-blauen-Kartoffeln-mit-Safransosse.html,no
,,,,,,,,https://www.chefkoch.de/rezepte/3858471587466240/Blaetterteig-Apfeltarte-mit-Karamell-Royale-und-Calvados-Sabayon.html,no
,,,,,,,,https://www.chefkoch.de/rezepte/3858961587547657/Pulpo.html,no
,,,,,,,,https://www.chefkoch.de/rezepte/3858971587548454/Surf-and-Turf.html,no
,,,,,,,,https://www.chefkoch.de/rezepte/3839111584967539/STAMPEDE-Medovik-Torte-mit-Safranueberguss-Medovik-Cake-with-Saffron-Pouring.html,no
,,,,,,,,https://www.chefkoch.de/rezepte/3860251587739034/Gyrospizza.html,no
,,,,,,,,https://www.chefkoch.de/rezepte/3860211587734953/Senf-Kaviar.html,no
,,,,,,,,https://www.chefkoch.de/rezepte/3860131587729601/Kekstorte-mit-Nougatcreme.html,no
,,,,,,,,https://www.chefkoch.de/rezepte/3860031587719650/Kiwi-Schinken-Carpaccio-mit-Parmesan.html,no
,,,,,,,,https://www.chefkoch.de/rezepte/3860011587718508/Exotische-Glasnudelsuppe-mit-wuerzigem-Rindfleisch.html,no
,,,,,,,,https://www.chefkoch.de/rezepte/3859981587716496/Kartoffel-Spargelgratin-mit-Maishaehnchenbrust.html,no
,,,,,,,,https://www.chefkoch.de/rezepte/3839071584966000/Hollaendische-Senfsuppe.html,no
,,,,,,,,https://www.chefkoch.de/rezepte/3838471584889603/Veganer-Schokokuchen-mit-Apfelmus.html,no
,,,,,,,,https://www.chefkoch.de/rezepte/3838451584888073/Sauerkirsch-Kurkuma-Trunk-a-la-Kristina.html,no
,,,,,,,,https://www.chefkoch.de/rezepte/3838431584887229/Jaegermeisterkuchen.html,no
,,,,,,,,https://www.chefkoch.de/rezepte/3838401584882826/Bester-Kaesekuchen.html,no
,,,,,,,,https://www.chefkoch.de/rezepte/3838381584881590/Pilzaufstrich.html,no
,,,,,,,,https://www.chefkoch.de/rezepte/3838371584881067/Bananen-Apfel-Orangenmarmelade.html,no
,,,,,,,,https://www.chefkoch.de/rezepte/3838361584880970/Gefuellte-Pilze.html,no
,,,,,,,,https://www.chefkoch.de/rezepte/3838351584880216/Primadonna.html,no
,,,,,,,,https://www.chefkoch.de/rezepte/3838341584880200/Spaghetti-Gemuesepfanne-mit-Pesto.html,no
,,,,,,,,https://www.chefkoch.de/rezepte/3838321584879696/Vegane-Spargel-Spinat-Champignon-Lasagne.html,no
,,,,,,,,https://www.chefkoch.de/rezepte/3838301584878413/Fischsuppe-im-Wok-auf-dem-Grill-zubereitet.html,no
,,,,,,,,https://www.chefkoch.de/rezepte/3838281584875848/Meeresfruechte-Risotto-mit-Kabeljau-und-Riesengarnelen.html,no
,,,,,,,,https://www.chefkoch.de/rezepte/3838271584875033/Lime-Curd-Cake.html,no
,,,,,,,,https://www.chefkoch.de/rezepte/3838261584873519/Suppenbruehe.html,no
,,,,,,,,https://www.chefkoch.de/rezepte/3838241584871238/Moehrensalat-mit-wuerzigen-Kichererbsen-und-Hummus.html,no
,,,,,,,,https://www.chefkoch.de/rezepte/3838221584870168/Pikante-Hackfleischsauce-a-la-Annlaise.html,no
,,,,,,,,https://www.chefkoch.de/rezepte/3838161584825666/Pasta-mit-Kalbsleber-in-Portwein-Balsamico-Sauce.html,no
,,,,,,,,https://www.chefkoch.de/rezepte/3857731587373013/Bouillabaisse-mit-Rouille.html,no
,,,,,,,,https://www.chefkoch.de/rezepte/3857791587375421/Hefeeis-Creme-Mandeln-und-Pflaumen.html,no
,,,,,,,,https://www.chefkoch.de/rezepte/3857751587374083/Ochsenbaeckchen-mit-Gremolata-und-Selleriepueree.html,no
,,,,,,,,https://www.chefkoch.de/rezepte/3858441587463398/Ballotine-vom-Perlhuhn-mit-Morchelrahm-und-Brezen.html,no
,,,,,,,,https://www.chefkoch.de/rezepte/3858451587465062/Skrei-mit-Lachsfarce-im-Wirsingblatt-Kartoffelpueree-aus-blauen-Kartoffeln-mit-Safransosse.html,no
,,,,,,,,https://www.chefkoch.de/rezepte/3858471587466240/Blaetterteig-Apfeltarte-mit-Karamell-Royale-und-Calvados-Sabayon.html,no
,,,,,,,,https://www.chefkoch.de/rezepte/3858961587547657/Pulpo.html,no
,,,,,,,,https://www.chefkoch.de/rezepte/3858971587548454/Surf-and-Turf.html,no
,,,,,,,,https://www.chefkoch.de/rezepte/3839111584967539/STAMPEDE-Medovik-Torte-mit-Safranueberguss-Medovik-Cake-with-Saffron-Pouring.html,no
,,,,,,,,https://www.chefkoch.de/rezepte/3860251587739034/Gyrospizza.html,no
,,,,,,,,https://www.chefkoch.de/rezepte/3860211587734953/Senf-Kaviar.html,no
,,,,,,,,https://www.chefkoch.de/rezepte/3860131587729601/Kekstorte-mit-Nougatcreme.html,no
,,,,,,,,https://www.chefkoch.de/rezepte/3860031587719650/Kiwi-Schinken-Carpaccio-mit-Parmesan.html,no
,,,,,,,,https://www.chefkoch.de/rezepte/3860011587718508/Exotische-Glasnudelsuppe-mit-wuerzigem-Rindfleisch.html,no
,,,,,,,,https://www.chefkoch.de/rezepte/3859981587716496/Kartoffel-Spargelgratin-mit-Maishaehnchenbrust.html,no
,,,,,,,,https://www.chefkoch.de/rezepte/3839071584966000/Hollaendische-Senfsuppe.html,no
,,,,,,,,https://www.chefkoch.de/rezepte/3838471584889603/Veganer-Schokokuchen-mit-Apfelmus.html,no
,,,,,,,,https://www.chefkoch.de/rezepte/3838451584888073/Sauerkirsch-Kurkuma-Trunk-a-la-Kristina.html,no
,,,,,,,,https://www.chefkoch.de/rezepte/3838431584887229/Jaegermeisterkuchen.html,no
,,,,,,,,https://www.chefkoch.de/rezepte/3838401584882826/Bester-Kaesekuchen.html,no
,,,,,,,,https://www.chefkoch.de/rezepte/3838381584881590/Pilzaufstrich.html,no
,,,,,,,,https://www.chefkoch.de/rezepte/3838371584881067/Bananen-Apfel-Orangenmarmelade.html,no
,,,,,,,,https://www.chefkoch.de/rezepte/3838361584880970/Gefuellte-Pilze.html,no
,,,,,,,,https://www.chefkoch.de/rezepte/3838351584880216/Primadonna.html,no
,,,,,,,,https://www.chefkoch.de/rezepte/3838341584880200/Spaghetti-Gemuesepfanne-mit-Pesto.html,no
,,,,,,,,https://www.chefkoch.de/rezepte/3838321584879696/Vegane-Spargel-Spinat-Champignon-Lasagne.html,no
,,,,,,,,https://www.chefkoch.de/rezepte/3838301584878413/Fischsuppe-im-Wok-auf-dem-Grill-zubereitet.html,no
,,,,,,,,https://www.chefkoch.de/rezepte/3838281584875848/Meeresfruechte-Risotto-mit-Kabeljau-und-Riesengarnelen.html,no
,,,,,,,,https://www.chefkoch.de/rezepte/3838271584875033/Lime-Curd-Cake.html,no
,,,,,,,,https://www.chefkoch.de/rezepte/3838261584873519/Suppenbruehe.html,no
,,,,,,,,https://www.chefkoch.de/rezepte/3857731587373013/Bouillabaisse-mit-Rouille.html,no
,,,,,,,,https://www.chefkoch.de/rezepte/3857791587375421/Hefeeis-Creme-Mandeln-und-Pflaumen.html,no
,,,,,,,,https://www.chefkoch.de/rezepte/3857751587374083/Ochsenbaeckchen-mit-Gremolata-und-Selleriepueree.html,no
,,,,,,,,https://www.chefkoch.de/rezepte/3858441587463398/Ballotine-vom-Perlhuhn-mit-Morchelrahm-und-Brezen.html,no
,,,,,,,,https://www.chefkoch.de/rezepte/3858451587465062/Skrei-mit-Lachsfarce-im-Wirsingblatt-Kartoffelpueree-aus-blauen-Kartoffeln-mit-Safransosse.html,no
,,,,,,,,https://www.chefkoch.de/rezepte/3858471587466240/Blaetterteig-Apfeltarte-mit-Karamell-Royale-und-Calvados-Sabayon.html,no
,,,,,,,,https://www.chefkoch.de/rezepte/3858961587547657/Pulpo.html,no
,,,,,,,,https://www.chefkoch.de/rezepte/3858971587548454/Surf-and-Turf.html,no
,,,,,,,,https://www.chefkoch.de/rezepte/3839111584967539/STAMPEDE-Medovik-Torte-mit-Safranueberguss-Medovik-Cake-with-Saffron-Pouring.html,no
,,,,,,,,https://www.chefkoch.de/rezepte/3860251587739034/Gyrospizza.html,no
,,,,,,,,https://www.chefkoch.de/rezepte/3860211587734953/Senf-Kaviar.html,no
,,,,,,,,https://www.chefkoch.de/rezepte/3860131587729601/Kekstorte-mit-Nougatcreme.html,no
,,,,,,,,https://www.chefkoch.de/rezepte/3860031587719650/Kiwi-Schinken-Carpaccio-mit-Parmesan.html,no
,,,,,,,,https://www.chefkoch.de/rezepte/3860011587718508/Exotische-Glasnudelsuppe-mit-wuerzigem-Rindfleisch.html,no
,,,,,,,,https://www.chefkoch.de/rezepte/3859981587716496/Kartoffel-Spargelgratin-mit-Maishaehnchenbrust.html,no
,,,,,,,,https://www.chefkoch.de/rezepte/3839071584966000/Hollaendische-Senfsuppe.html,no
,,,,,,,,https://www.chefkoch.de/rezepte/3838471584889603/Veganer-Schokokuchen-mit-Apfelmus.html,no
,,,,,,,,https://www.chefkoch.de/rezepte/3838451584888073/Sauerkirsch-Kurkuma-Trunk-a-la-Kristina.html,no
,,,,,,,,https://www.chefkoch.de/rezepte/3838431584887229/Jaegermeisterkuchen.html,no
,,,,,,,,https://www.chefkoch.de/rezepte/3838401584882826/Bester-Kaesekuchen.html,no
,,,,,,,,https://www.chefkoch.de/rezepte/3838381584881590/Pilzaufstrich.html,no
,,,,,,,,https://www.chefkoch.de/rezepte/3838371584881067/Bananen-Apfel-Orangenmarmelade.html,no
,,,,,,,,https://www.chefkoch.de/rezepte/3838361584880970/Gefuellte-Pilze.html,no
,,,,,,,,https://www.chefkoch.de/rezepte/3838351584880216/Primadonna.html,no
,,,,,,,,https://www.chefkoch.de/rezepte/3838341584880200/Spaghetti-Gemuesepfanne-mit-Pesto.html,no
,,,,,,,,https://www.chefkoch.de/rezepte/3838321584879696/Vegane-Spargel-Spinat-Champignon-Lasagne.html,no
,,,,,,,,https://www.chefkoch.de/rezepte/3838301584878413/Fischsuppe-im-Wok-auf-dem-Grill-zubereitet.html,no
,,,,,,,,https://www.chefkoch.de/rezepte/3838281584875848/Meeresfruechte-Risotto-mit-Kabeljau-und-Riesengarnelen.html,no
,,,,,,,,https://www.chefkoch.de/rezepte/3838271584875033/Lime-Curd-Cake.html,no
,,,,,,,,https://www.chefkoch.de/rezepte/3838261584873519/Suppenbruehe.html,no
,,,,,,,,https://www.chefkoch.de/rezepte/3857731587373013/Bouillabaisse-mit-Rouille.html,no
,,,,,,,,https://www.chefkoch.de/rezepte/3857791587375421/Hefeeis-Creme-Mandeln-und-Pflaumen.html,no
,,,,,,,,https://www.chefkoch.de/rezepte/3857751587374083/Ochsenbaeckchen-mit-Gremolata-und-Selleriepueree.html,no
,,,,,,,,https://www.chefkoch.de/rezepte/3858441587463398/Ballotine-vom-Perlhuhn-mit-Morchelrahm-und-Brezen.html,no
,,,,,,,,https://www.chefkoch.de/rezepte/3858451587465062/Skrei-mit-Lachsfarce-im-Wirsingblatt-Kartoffelpueree-aus-blauen-Kartoffeln-mit-Safransosse.html,no
,,,,,,,,https://www.chefkoch.de/rezepte/3858471587466240/Blaetterteig-Apfeltarte-mit-Karamell-Royale-und-Calvados-Sabayon.html,no
,,,,,,,,https://www.chefkoch.de/rezepte/3858961587547657/Pulpo.html,no
,,,,,,,,https://www.chefkoch.de/rezepte/3858971587548454/Surf-and-Turf.html,no
,,,,,,,,https://www.chefkoch.de/rezepte/3839111584967539/STAMPEDE-Medovik-Torte-mit-Safranueberguss-Medovik-Cake-with-Saffron-Pouring.html,no
,,,,,,,,https://www.chefkoch.de/rezepte/3860251587739034/Gyrospizza.html,no
,,,,,,,,https://www.chefkoch.de/rezepte/3860211587734953/Senf-Kaviar.html,no
,,,,,,,,https://www.chefkoch.de/rezepte/3860131587729601/Kekstorte-mit-Nougatcreme.html,no
,,,,,,,,https://www.chefkoch.de/rezepte/3860031587719650/Kiwi-Schinken-Carpaccio-mit-Parmesan.html,no
,,,,,,,,https://www.chefkoch.de/rezepte/3860011587718508/Exotische-Glasnudelsuppe-mit-wuerzigem-Rindfleisch.html,no
,,,,,,,,https://www.chefkoch.de/rezepte/3859981587716496/Kartoffel-Spargelgratin-mit-Maishaehnchenbrust.html,no
,,,,,,,,https://www.chefkoch.de/rezepte/3839071584966000/Hollaendische-Senfsuppe.html,no
,,,,,,,,https://www.chefkoch.de/rezepte/3838471584889603/Veganer-Schokokuchen-mit-Apfelmus.html,no
,,,,,,,,https://www.chefkoch.de/rezepte/3838451584888073/Sauerkirsch-Kurkuma-Trunk-a-la-Kristina.html,no
,,,,,,,,https://www.chefkoch.de/rezepte/3838431584887229/Jaegermeisterkuchen.html,no
,,,,,,,,https://www.chefkoch.de/rezepte/3838401584882826/Bester-Kaesekuchen.html,no
,,,,,,,,https://www.chefkoch.de/rezepte/3838381584881590/Pilzaufstrich.html,no
,,,,,,,,https://www.chefkoch.de/rezepte/3838371584881067/Bananen-Apfel-Orangenmarmelade.html,no
,,,,,,,,https://www.chefkoch.de/rezepte/3838361584880970/Gefuellte-Pilze.html,no
,,,,,,,,https://www.chefkoch.de/rezepte/3838351584880216/Primadonna.html,no
,,,,,,,,https://www.chefkoch.de/rezepte/3838341584880200/Spaghetti-Gemuesepfanne-mit-Pesto.html,no
,,,,,,,,https://www.chefkoch.de/rezepte/3838321584879696/Vegane-Spargel-Spinat-Champignon-Lasagne.html,no
,,,,,,,,https://www.chefkoch.de/rezepte/3838301584878413/Fischsuppe-im-Wok-auf-dem-Grill-zubereitet.html,no
,,,,,,,,https://www.chefkoch.de/rezepte/3838281584875848/Meeresfruechte-Risotto-mit-Kabeljau-und-Riesengarnelen.html,no
,,,,,,,,https://www.chefkoch.de/rezepte/3838271584875033/Lime-Curd-Cake.html,no
,,,,,,,,https://www.chefkoch.de/rezepte/3838261584873519/Suppenbruehe.html,no
,,,,,,,,https://www.chefkoch.de/rezepte/3857731587373013/Bouillabaisse-mit-Rouille.html,no
,,,,,,,,https://www.chefkoch.de/rezepte/3857791587375421/Hefeeis-Creme-Mandeln-und-Pflaumen.html,no
,,,,,,,,https://www.chefkoch.de/rezepte/3857751587374083/Ochsenbaeckchen-mit-Gremolata-und-Selleriepueree.html,no
,,,,,,,,https://www.chefkoch.de/rezepte/3858441587463398/Ballotine-vom-Perlhuhn-mit-Morchelrahm-und-Brezen.html,no
,,,,,,,,https://www.chefkoch.de/rezepte/3858451587465062/Skrei-mit-Lachsfarce-im-Wirsingblatt-Kartoffelpueree-aus-blauen-Kartoffeln-mit-Safransosse.html,no
,,,,,,,,https://www.chefkoch.de/rezepte/3858471587466240/Blaetterteig-Apfeltarte-mit-Karamell-Royale-und-Calvados-Sabayon.html,no
,,,,,,,,https://www.chefkoch.de/rezepte/3858961587547657/Pulpo.html,no
,,,,,,,,https://www.chefkoch.de/rezepte/3858971587548454/Surf-and-Turf.html,no
,,,,,,,,https://www.chefkoch.de/rezepte/3839111584967539/STAMPEDE-Medovik-Torte-mit-Safranueberguss-Medovik-Cake-with-Saffron-Pouring.html,no
,,,,,,,,https://www.chefkoch.de/rezepte/3860251587739034/Gyrospizza.html,no
,,,,,,,,https://www.chefkoch.de/rezepte/3860211587734953/Senf-Kaviar.html,no
,,,,,,,,https://www.chefkoch.de/rezepte/3860131587729601/Kekstorte-mit-Nougatcreme.html,no
,,,,,,,,https://www.chefkoch.de/rezepte/3860031587719650/Kiwi-Schinken-Carpaccio-mit-Parmesan.html,no
,,,,,,,,https://www.chefkoch.de/rezepte/3860011587718508/Exotische-Glasnudelsuppe-mit-wuerzigem-Rindfleisch.html,no
,,,,,,,,https://www.chefkoch.de/rezepte/3859981587716496/Kartoffel-Spargelgratin-mit-Maishaehnchenbrust.html,no
,,,,,,,,https://www.chefkoch.de/rezepte/3839071584966000/Hollaendische-Senfsuppe.html,no
,,,,,,,,https://www.chefkoch.de/rezepte/3838471584889603/Veganer-Schokokuchen-mit-Apfelmus.html,no
,,,,,,,,https://www.chefkoch.de/rezepte/3838451584888073/Sauerkirsch-Kurkuma-Trunk-a-la-Kristina.html,no
,,,,,,,,https://www.chefkoch.de/rezepte/3838431584887229/Jaegermeisterkuchen.html,no
,,,,,,,,https://www.chefkoch.de/rezepte/3838401584882826/Bester-Kaesekuchen.html,no
,,,,,,,,https://www.chefkoch.de/rezepte/3838381584881590/Pilzaufstrich.html,no
,,,,,,,,https://www.chefkoch.de/rezepte/3838371584881067/Bananen-Apfel-Orangenmarmelade.html,no
,,,,,,,,https://www.chefkoch.de/rezepte/3838361584880970/Gefuellte-Pilze.html,no
,,,,,,,,https://www.chefkoch.de/rezepte/3838351584880216/Primadonna.html,no
,,,,,,,,https://www.chefkoch.de/rezepte/3838341584880200/Spaghetti-Gemuesepfanne-mit-Pesto.html,no
,,,,,,,,https://www.chefkoch.de/rezepte/3838321584879696/Vegane-Spargel-Spinat-Champignon-Lasagne.html,no
,,,,,,,,https://www.chefkoch.de/rezepte/3838301584878413/Fischsuppe-im-Wok-auf-dem-Grill-zubereitet.html,no
,,,,,,,,https://www.chefkoch.de/rezepte/3838281584875848/Meeresfruechte-Risotto-mit-Kabeljau-und-Riesengarnelen.html,no
,,,,,,,,https://www.chefkoch.de/rezepte/3838271584875033/Lime-Curd-Cake.html,no
,,,,,,,,https://www.chefkoch.de/rezepte/3838261584873519/Suppenbruehe.html,no
,,,,,,,,https://www.chefkoch.de/rezepte/3857731587373013/Bouillabaisse-mit-Rouille.html,no
,,,,,,,,https://www.chefkoch.de/rezepte/3857791587375421/Hefeeis-Creme-Mandeln-und-Pflaumen.html,no
,,,,,,,,https://www.chefkoch.de/rezepte/3857751587374083/Ochsenbaeckchen-mit-Gremolata-und-Selleriepueree.html,no
,,,,,,,,https://www.chefkoch.de/rezepte/3858441587463398/Ballotine-vom-Perlhuhn-mit-Morchelrahm-und-Brezen.html,no
,,,,,,,,https://www.chefkoch.de/rezepte/3858451587465062/Skrei-mit-Lachsfarce-im-Wirsingblatt-Kartoffelpueree-aus-blauen-Kartoffeln-mit-Safransosse.html,no
,,,,,,,,https://www.chefkoch.de/rezepte/3858471587466240/Blaetterteig-Apfeltarte-mit-Karamell-Royale-und-Calvados-Sabayon.html,no
,,,,,,,,https://www.chefkoch.de/rezepte/3858961587547657/Pulpo.html,no
,,,,,,,,https://www.chefkoch.de/rezepte/3858971587548454/Surf-and-Turf.html,no
,,,,,,,,https://www.chefkoch.de/rezepte/3839111584967539/STAMPEDE-Medovik-Torte-mit-Safranueberguss-Medovik-Cake-with-Saffron-Pouring.html,no
,,,,,,,,https://www.chefkoch.de/rezepte/3860251587739034/Gyrospizza.html,no
,,,,,,,,https://www.chefkoch.de/rezepte/3860211587734953/Senf-Kaviar.html,no
,,,,,,,,https://www.chefkoch.de/rezepte/3860131587729601/Kekstorte-mit-Nougatcreme.html,no
,,,,,,,,https://www.chefkoch.de/rezepte/3860031587719650/Kiwi-Schinken-Carpaccio-mit-Parmesan.html,no
,,,,,,,,https://www.chefkoch.de/rezepte/3860011587718508/Exotische-Glasnudelsuppe-mit-wuerzigem-Rindfleisch.html,no
,,,,,,,,https://www.chefkoch.de/rezepte/3859981587716496/Kartoffel-Spargelgratin-mit-Maishaehnchenbrust.html,no
,,,,,,,,https://www.chefkoch.de/rezepte/3839071584966000/Hollaendische-Senfsuppe.html,no
,,,,,,,,https://www.chefkoch.de/rezepte/3838471584889603/Veganer-Schokokuchen-mit-Apfelmus.html,no
,,,,,,,,https://www.chefkoch.de/rezepte/3838451584888073/Sauerkirsch-Kurkuma-Trunk-a-la-Kristina.html,no
,,,,,,,,https://www.chefkoch.de/rezepte/3838431584887229/Jaegermeisterkuchen.html,no
,,,,,,,,https://www.chefkoch.de/rezepte/3838401584882826/Bester-Kaesekuchen.html,no
,,,,,,,,https://www.chefkoch.de/rezepte/3838381584881590/Pilzaufstrich.html,no
,,,,,,,,https://www.chefkoch.de/rezepte/3838371584881067/Bananen-Apfel-Orangenmarmelade.html,no
,,,,,,,,https://www.chefkoch.de/rezepte/3838361584880970/Gefuellte-Pilze.html,no
,,,,,,,,https://www.chefkoch.de/rezepte/3838351584880216/Primadonna.html,no
,,,,,,,,https://www.chefkoch.de/rezepte/3838341584880200/Spaghetti-Gemuesepfanne-mit-Pesto.html,no
,,,,,,,,https://www.chefkoch.de/rezepte/3838321584879696/Vegane-Spargel-Spinat-Champignon-Lasagne.html,no
,,,,,,,,https://www.chefkoch.de/rezepte/3838301584878413/Fischsuppe-im-Wok-auf-dem-Grill-zubereitet.html,no
,,,,,,,,https://www.chefkoch.de/rezepte/3838281584875848/Meeresfruechte-Risotto-mit-Kabeljau-und-Riesengarnelen.html,no
,,,,,,,,https://www.chefkoch.de/rezepte/3838271584875033/Lime-Curd-Cake.html,no
,,,,,,,,https://www.chefkoch.de/rezepte/3838261584873519/Suppenbruehe.html,no
,,,,,,,,https://www.chefkoch.de/rezepte/3857731587373013/Bouillabaisse-mit-Rouille.html,no
,,,,,,,,https://www.chefkoch.de/rezepte/3857791587375421/Hefeeis-Creme-Mandeln-und-Pflaumen.html,no
,,,,,,,,https://www.chefkoch.de/rezepte/3857751587374083/Ochsenbaeckchen-mit-Gremolata-und-Selleriepueree.html,no
,,,,,,,,https://www.chefkoch.de/rezepte/3858441587463398/Ballotine-vom-Perlhuhn-mit-Morchelrahm-und-Brezen.html,no
,,,,,,,,https://www.chefkoch.de/rezepte/3858451587465062/Skrei-mit-Lachsfarce-im-Wirsingblatt-Kartoffelpueree-aus-blauen-Kartoffeln-mit-Safransosse.html,no
,,,,,,,,https://www.chefkoch.de/rezepte/3858471587466240/Blaetterteig-Apfeltarte-mit-Karamell-Royale-und-Calvados-Sabayon.html,no
,,,,,,,,https://www.chefkoch.de/rezepte/3858961587547657/Pulpo.html,no
,,,,,,,,https://www.chefkoch.de/rezepte/3858971587548454/Surf-and-Turf.html,no
,,,,,,,,https://www.chefkoch.de/rezepte/3839111584967539/STAMPEDE-Medovik-Torte-mit-Safranueberguss-Medovik-Cake-with-Saffron-Pouring.html,no
,,,,,,,,https://www.chefkoch.de/rezepte/3860251587739034/Gyrospizza.html,no
,,,,,,,,https://www.chefkoch.de/rezepte/3860211587734953/Senf-Kaviar.html,no
,,,,,,,,https://www.chefkoch.de/rezepte/3860131587729601/Kekstorte-mit-Nougatcreme.html,no
,,,,,,,,https://www.chefkoch.de/rezepte/3860031587719650/Kiwi-Schinken-Carpaccio-mit-Parmesan.html,no
,,,,,,,,https://www.chefkoch.de/rezepte/3860011587718508/Exotische-Glasnudelsuppe-mit-wuerzigem-Rindfleisch.html,no
,,,,,,,,https://www.chefkoch.de/rezepte/3859981587716496/Kartoffel-Spargelgratin-mit-Maishaehnchenbrust.html,no
,,,,,,,,https://www.chefkoch.de/rezepte/3839071584966000/Hollaendische-Senfsuppe.html,no
,,,,,,,,https://www.chefkoch.de/rezepte/3838471584889603/Veganer-Schokokuchen-mit-Apfelmus.html,no
,,,,,,,,https://www.chefkoch.de/rezepte/3838451584888073/Sauerkirsch-Kurkuma-Trunk-a-la-Kristina.html,no
,,,,,,,,https://www.chefkoch.de/rezepte/3838431584887229/Jaegermeisterkuchen.html,no
,,,,,,,,https://www.chefkoch.de/rezepte/3838401584882826/Bester-Kaesekuchen.html,no
,,,,,,,,https://www.chefkoch.de/rezepte/3838381584881590/Pilzaufstrich.html,no
,,,,,,,,https://www.chefkoch.de/rezepte/3838371584881067/Bananen-Apfel-Orangenmarmelade.html,no
,,,,,,,,https://www.chefkoch.de/rezepte/3838361584880970/Gefuellte-Pilze.html,no
,,,,,,,,https://www.chefkoch.de/rezepte/3838351584880216/Primadonna.html,no
,,,,,,,,https://www.chefkoch.de/rezepte/3838341584880200/Spaghetti-Gemuesepfanne-mit-Pesto.html,no
,,,,,,,,https://www.chefkoch.de/rezepte/3838321584879696/Vegane-Spargel-Spinat-Champignon-Lasagne.html,no
,,,,,,,,https://www.chefkoch.de/rezepte/3838301584878413/Fischsuppe-im-Wok-auf-dem-Grill-zubereitet.html,no
,,,,,,,,https://www.chefkoch.de/rezepte/3838281584875848/Meeresfruechte-Risotto-mit-Kabeljau-und-Riesengarnelen.html,no
,,,,,,,,https://www.chefkoch.de/rezepte/3838271584875033/Lime-Curd-Cake.html,no
,,,,,,,,https://www.chefkoch.de/rezepte/3838261584873519/Suppenbruehe.html,no
,,,,,,,,https://www.chefkoch.de/rezepte/3843011585474466/Lende-mit-gebratenem-Apfel.html,no
,,,,,,,,https://www.chefkoch.de/rezepte/3842861585430829/Herzhaftes-Dinkelbrot-mit-Zwiebeln-und-Speck.html,no
,,,,,,,,https://www.chefkoch.de/rezepte/3842851585427310/Rote-Linsensuppe-Albert.html,no
,,,,,,,,https://www.chefkoch.de/rezepte/3842831585421818/Omelette-mit-suess-scharfer-Tomatensauce.html,no
,,,,,,,,https://www.chefkoch.de/rezepte/3842731585412222/Fruchtiger-Zahlenkuchen-mit-Erdbeercreme.html,no
,,,,,,,,https://www.chefkoch.de/rezepte/3842591585400540/Kartoffelsalat-mit-Mayonnaise-und-Thunfisch.html,no
,,,,,,,,https://www.chefkoch.de/rezepte/3346361497289078/Creme-renversee-au-caramel-gestuerzte-Karamellcreme.html,no
,,,,,,,,https://www.chefkoch.de/rezepte/3873041589365966/Wuerzige-Erdbeeren.html,no
,,,,,,,,https://www.chefkoch.de/rezepte/3842991585472487/Bruschetta-mit-Gurke-und-Minze.html,no
,,,,,,,,https://www.chefkoch.de/rezepte/3842981585470214/Mandelpancakes.html,no
,,,,,,,,https://www.chefkoch.de/rezepte/3842921585468066/Eingelegte-Matjes.html,no
,,,,,,,,https://www.chefkoch.de/rezepte/3842881585465291/Bruschetta-mit-Thunfisch-und-Rucola.html,no
,,,,,,,,https://www.chefkoch.de/rezepte/3873091589368377/Pak-Choi-Weisskohl-Gemuese-a-la-Didi.html,no
,,,,,,,,https://www.chefkoch.de/rezepte/3872981589363195/Kretischer-Bauernsalat-Heraklion.html,no
,,,,,,,,https://www.chefkoch.de/rezepte/3872971589362482/Lauwarmer-Spargelsalat-mit-Eier-Vinaigrette.html,no
,,,,,,,,https://www.chefkoch.de/rezepte/3872781589331592/Garnelen-mit-Pilzen-und-bunten-Nudeln-auf-Bluetenkohl.html,no
,,,,,,,,https://www.chefkoch.de/rezepte/2869241439147974/Gefuellte-Zucchini.html,no
,,,,,,,,https://www.chefkoch.de/rezepte/3842841585421819/Haehnchen-mit-Kormasosse-und-Reis.html,no
,,,,,,,,https://www.chefkoch.de/rezepte/3842821585421738/Bolognese-mit-Kuerbis-fuer-Kinder.html,no
,,,,,,,,https://www.chefkoch.de/rezepte/3842791585417064/Fredis-Visinata.html,no
,,,,,,,,https://www.chefkoch.de/rezepte/3842781585416282/Schoko-Kirschkuchen-mit-Cheesecakefuellung.html,no
,,,,,,,,https://www.chefkoch.de/rezepte/3842761585414555/Weintrauben-Schoko-Biskuitrolle.html,no
,,,,,,,,https://www.chefkoch.de/rezepte/3842691585409576/Turiner-Lauchsuppe.html,no
,,,,,,,,https://www.chefkoch.de/rezepte/3842651585407150/Gefuellte-Roastbeefroellchen.html,no
,,,,,,,,https://www.chefkoch.de/rezepte/3842641585406614/Flat-Bread-mit-Lachs-und-Avocado.html,no
,,,,,,,,https://www.chefkoch.de/rezepte/3842631585405898/Kinder-Bueno-Toffifee-Torte.html,no
,,,,,,,,https://www.chefkoch.de/rezepte/3867191588597722/Pink-Jostabu-Cocktail-extrem-lecker.html,no
,,,,,,,,https://www.chefkoch.de/rezepte/3867111588590568/Tomaten-Gin-Dip.html,no
,,,,,,,,https://www.chefkoch.de/rezepte/3842521585396379/Gemuese-Curry-mit-Reis-und-Pute.html,no
,,,,,,,,https://www.chefkoch.de/rezepte/3872831589336876/Exotisch-wuerzige-Gemuesepuffer-mit-Erdnuessen-Martabak-ala-Ampenan.html,no
,,,,,,,,https://www.chefkoch.de/rezepte/3843011585474466/Lende-mit-gebratenem-Apfel.html,no
,,,,,,,,https://www.chefkoch.de/rezepte/3842861585430829/Herzhaftes-Dinkelbrot-mit-Zwiebeln-und-Speck.html,no
,,,,,,,,https://www.chefkoch.de/rezepte/3842851585427310/Rote-Linsensuppe-Albert.html,no
,,,,,,,,https://www.chefkoch.de/rezepte/3842831585421818/Omelette-mit-suess-scharfer-Tomatensauce.html,no
,,,,,,,,https://www.chefkoch.de/rezepte/3842731585412222/Fruchtiger-Zahlenkuchen-mit-Erdbeercreme.html,no
,,,,,,,,https://www.chefkoch.de/rezepte/3842591585400540/Kartoffelsalat-mit-Mayonnaise-und-Thunfisch.html,no
,,,,,,,,https://www.chefkoch.de/rezepte/3346361497289078/Creme-renversee-au-caramel-gestuerzte-Karamellcreme.html,no
,,,,,,,,https://www.chefkoch.de/rezepte/3873041589365966/Wuerzige-Erdbeeren.html,no
,,,,,,,,https://www.chefkoch.de/rezepte/3842991585472487/Bruschetta-mit-Gurke-und-Minze.html,no
,,,,,,,,https://www.chefkoch.de/rezepte/3842981585470214/Mandelpancakes.html,no
,,,,,,,,https://www.chefkoch.de/rezepte/3842921585468066/Eingelegte-Matjes.html,no
,,,,,,,,https://www.chefkoch.de/rezepte/3842881585465291/Bruschetta-mit-Thunfisch-und-Rucola.html,no
,,,,,,,,https://www.chefkoch.de/rezepte/3873091589368377/Pak-Choi-Weisskohl-Gemuese-a-la-Didi.html,no
,,,,,,,,https://www.chefkoch.de/rezepte/3872981589363195/Kretischer-Bauernsalat-Heraklion.html,no
,,,,,,,,https://www.chefkoch.de/rezepte/3872971589362482/Lauwarmer-Spargelsalat-mit-Eier-Vinaigrette.html,no
,,,,,,,,https://www.chefkoch.de/rezepte/3872781589331592/Garnelen-mit-Pilzen-und-bunten-Nudeln-auf-Bluetenkohl.html,no
,,,,,,,,https://www.chefkoch.de/rezepte/2869241439147974/Gefuellte-Zucchini.html,no
,,,,,,,,https://www.chefkoch.de/rezepte/3842841585421819/Haehnchen-mit-Kormasosse-und-Reis.html,no
,,,,,,,,https://www.chefkoch.de/rezepte/3842821585421738/Bolognese-mit-Kuerbis-fuer-Kinder.html,no
,,,,,,,,https://www.chefkoch.de/rezepte/3842791585417064/Fredis-Visinata.html,no
,,,,,,,,https://www.chefkoch.de/rezepte/3842781585416282/Schoko-Kirschkuchen-mit-Cheesecakefuellung.html,no
,,,,,,,,https://www.chefkoch.de/rezepte/3842761585414555/Weintrauben-Schoko-Biskuitrolle.html,no
,,,,,,,,https://www.chefkoch.de/rezepte/3842691585409576/Turiner-Lauchsuppe.html,no
,,,,,,,,https://www.chefkoch.de/rezepte/3842651585407150/Gefuellte-Roastbeefroellchen.html,no
,,,,,,,,https://www.chefkoch.de/rezepte/3842641585406614/Flat-Bread-mit-Lachs-und-Avocado.html,no
,,,,,,,,https://www.chefkoch.de/rezepte/3842631585405898/Kinder-Bueno-Toffifee-Torte.html,no
,,,,,,,,https://www.chefkoch.de/rezepte/3867191588597722/Pink-Jostabu-Cocktail-extrem-lecker.html,no
,,,,,,,,https://www.chefkoch.de/rezepte/3867111588590568/Tomaten-Gin-Dip.html,no
,,,,,,,,https://www.chefkoch.de/rezepte/3842521585396379/Gemuese-Curry-mit-Reis-und-Pute.html,no
,,,,,,,,https://www.chefkoch.de/rezepte/3872831589336876/Exotisch-wuerzige-Gemuesepuffer-mit-Erdnuessen-Martabak-ala-Ampenan.html,no
